Trait,S1_Mask_Suffix,S1_Placeholder,S1_Trait_Suffix,S2_Mask_Suffix,S2_Placeholder,S2_Trait_Suffix,S3_Mask_Suffix,S3_Placeholder,S3_Trait_Suffix,S4_Placeholder,S4_Trait_Suffix,S4_Mask_Suffix,S5_Placeholder,S5_Trait_Suffix,S5_Mask_Suffix
অকৃতজ্ঞ,রা,,।,রা,সাধারণত,হয়।,দের,মধ্যে বেশি দেখা যায়। ,মনোভাব,মানুষের জীবনে অশান্তির একটি বড় কারণ হল ,-তা।,দের এই স্বভাব বেশি দেখা যায়।,"জোর করে অন্যের সম্পত্তি দখল করে সমাজপতি সাজে, ন্যায় অন্যায়ের বিচার করে। অকৃতজ্ঞ হতে এদের এক সেকেন্ড সময় লাগে না, বিশ্বাসঘাতকতার বীজ এরা বয়ে বেড়ায় এদের শিরায়-উপশিরায় আর বংশ পরম্পরায়।",হয় ,রা ।
অগোছালো,রা,,।,রা,স্বভাবতই,হয়ে থাকে।,দের,মধ্যে বেশি দেখা যায়। ,মনোভাব,,জীবনযাপন করলে শরীর ও মনে প্রভাব পরে। আমাদের দেশের,রা অধিকতর অগোছালো হওয়ায় তারা ধিক্কারের স্বীকার হয়।,জমে থাকা মিষ্টি সব গুছিয়ে তুলে ফেলেছে। অগোছালো ঘরটা আনেকটাই গুছিয়ে ফেলেছে। এলেম আছে বটে মেয়েটার।,হয় ,রা ।
অজ্ঞ,রা,,।,রা,সাধারণত,হয়।,দের,মধ্যে বেশি দেখা যায়। ,-তা,মানুষের দুর্দিন ও অনুন্নতির একটি বড় কারণ ,-তা।,দের ক্ষেত্রে যা বেশি পরিলক্ষিত হয়।,অজ্ঞ ও স্বার্থে অন্ধ ব্যক্তিরা সর্বদা সত্যের বিরুদ্ধে অসাড় তর্ক বির্তকে লিপ্ত হয়। তারা এসব মিথ্যা বাক্‌-বিতন্ডার দ্বারা সত্যের দীপ্তিকে ম্লান করে দিতে বদ্ধপরিকর।,হয় ,রা ।
অদূরদর্শী,রা,,।,রা,স্বভাবতই,হয়ে থাকে।,দের,মধ্যে বেশি দেখা যায়। ,স্বভাব,,মনোভাব জীবনে উন্নতির পথে বাঁধা হয়ে দাঁড়ায়।,দের এ স্বভাব বেশি দেখা যায়।,"অদূরদর্শী যারা, তারা বিপদে বিপর্যয়ে বিশুদ্ধ চিত্তে আল্লাহ্‌র সাহায্য কামনা করে থাকে, কিন্তু বিপদ-বিপর্যয় অতিক্রান্ত হয়ে গেলেই তারা প্রকৃত অবস্থা ভুলে যায়, এবং পৃথিবীর আমোদ-ফূর্তিতে নিমগ্ন হয়ে পড়ে , অস্থায়ী জীবনের বিষয়বস্তুর গর্ব তাদের স্থায়ী জীবনকে ভুলিয়ে দেয়।",হয় ,রা ।
অনুভূতিহীন,রা,,।,রা,সাধারণত,হয়।,দের,মধ্যে বেশি দেখা যায়। ,-তা,,মানুষকে কেউ পছন্দ করে না।,রা অনুভূতির অভাব দেখায়।,আদিবা কিছু বললোনা। অনুভূতিহীন একটা হাসি হাসলো। ভেতরটা একদম শান্ত হচ্ছেনা।,হয় ,রা ।
অপছন্দনীয়,রা,,।,রা,স্বভাবতই,কাজ করে।,রা,বেশি করে । ,কাজ,অন্যের কাছে,কাজ করা উচিত নয়। অনেক সময়,রা এ কাজ করে থাকে।,"যেই ছেলে মেয়ে কখোনো বাসি পচাঁ খাবার খেতে পারে না, সে ও খাওয়া শিখে যায়। অপছন্দনীয় খাবার খাওয়া শিখে যায়। তারা বুজে কিভাবে অল্প টাকায় চলতে হয়।",কাজ বেশি করে ,রা ।
অপমানজনক,রা,,।,রা,অনেক,কথা বলে।,রা,বেশি বলে ।,কথা,,কথা দিয়ে অন্যকে কষ্ট দিতে নেই।,রা এ প্রবণতা দেখায়।,ইসলামে সুদ হারাম। অপমানজনক ও অপবিত্র জীবিকার বাহন সুদ।,কাজ বেশি করে ,রা ।
অপরাধী,রা,,।,রা,অধিক,হয়।,দের ,বেশি ।,হওয়ার প্রবণতা,,হলে অবশ্যই শাস্তি পাওয়া উচিত। বাংলাদেশে সাধারণত,রা এ ধরণের কর্মে লিপ্ত হয়।,সেলফোন ট্র্যাকিং এর ক্ষেত্রে আপনার ফোনে থাকা জিপিএস অনেক বেশি সহায়ক হিসেবে কাজ করে। অপরাধী যদি কোন স্মার্টফোন ব্যবহার করে আর তাতে যদি জিপিএস লাগানো থাকে তবে পুলিশের কাজ অনেক সহজ হয়ে যায়। জিপিএস থাকলে সেল অপারেটরের সাথে যোগাযোগ না করেও ফোনের লোকেশন পাওয়া সম্ভব।,বেশি হয় ,রা ।
গোঁয়ার,রা,,।,রা,সাধারণত,হয়।,দের ,মধ্যে বেশি ।,হওয়ার প্রবণতা,মানুষের,আচরণে অন্যরা বিরক্ত হয়।,দের ক্ষেত্রে যা বেশি পরিলক্ষিত হয়।,"লোকে বলে, আশকারা দিয়ে আমিই তাকে একটা বাঁদর তৈরি করেছি। গোঁয়ার, উড়নচণ্ডী, রেস খেলা, জুয়ো খেলা - সব গুণই তার আছে।",আচরণ বেশি করে ,রা ।
অবজ্ঞাপূর্ণ,রা,,।,রা,অত্যন্ত,আচরণ করে।,রা,বেশি করে । ,আচরণ,দরিদ্রের প্রতি,আচরণ সমাজে অশান্তি ডেকে আনে। এদেশের,রা এ ধরণের আচরণ বেশি দেখায়।,অবজ্ঞাপূর্ণ ব্যবহারের দ্বারা কেবল নিজের আত্নসংযমের ও শৃঙ্খলাবোধের প্রভাবই প্রমাণিত হয়।,আচরণ বেশি করে ,রা ।
অবাধ্য,রা,,।,রা,অনেক,হয়।,দের ,মধ্যে বেশি ।,হওয়ার প্রবণতা,গুরুজনের,হলে জীবনে উন্নতি করা যায় না। আমাদের দেশে,রা অবাধ্য আচরণ করে।,আমার জন্য আমার মায়ের চিন্তা দ্বিগুন হয়ে গেল। অবাধ্য সন্তানের প্রতি মায়েরা যতটুকু স্নেহ ঢেলে দেন আমার মা বোধ হয় তার চেয়ে বেশি দিলেন।,আচরণ বেশি করে ,রা ।
অবিবেচক,রা,,।,রা,এর ন্যায়,কাজ করে।,দের ,মধ্যে বেশি ।,হওয়ার প্রবণতা,,এর ন্যায় কাজ বিপদ ডেকে আনে।,দের ক্ষেত্রে যা অনেক পরিলক্ষিত হয়।,"এই পারে আর ওই পারেতে ঘাট ছিল শান বাঁধা। অবিবেচক হয়ে তুমি নষ্ট করলে প্রেমের ভূমি, তুমি ঠান্ডা মাথার মহা এক খুনি।",বেশি হয় ,রা ।
অবিশ্বস্ত,রা,,।,রা,বেশি,হয়।,দের ,মধ্যে বেশি ।,হওয়ার প্রবণতা,,মনোভাব থাকলে জীবনে অশান্তি বেড়ে যায়।,রা অবিশ্বস্ত হওয়ায় সমাজের কাজে আসে না।,৯ লক্ষণে বুঝবেন আপনার সহকর্মীরা অবিশ্বস্ত। অবিশ্বস্ত সহকর্মীরা যেকোনো কর্মস্থলের অভিজ্ঞতাকে বিষিয়ে তুলতে পারেন। ,বেশি হয় ,রা ।
অযৌক্তিক,রা,,।,রা,বেশি,কথা বলে।,রা,অগ্রণী। ,কথা বলার ক্ষেত্রে ,,কথা বা কাজ দিয়ে সম্মান হারাতে হয়।,রা অযৌক্তিক কথা বলে থাকে।,আধিভৌতিক গল্প তো একেবারেই আসে না আমার হাতে। অযৌক্তিক কোনো কিছু এই পৃথিবীতে আমি ঘটতে দেখিনি।,আচরণ বেশি করে ,রা ।
অলস,রা,,।,রা,অনেক,প্রকৃতির হয়।,দের,মধ্যে বেশি দেখা যায়। ,স্বভাব,মানুষের ধ্বংসের মূল একটি কারণ হল,জীবনযাপন করা।,রা অনেক ক্ষেত্রেই এ আচরণ দেখায়।,"এখন বীজ নাই। অলস বসে আছি, আর কৃষকদের নানা প্রশ্নের উত্তর দিচ্ছি।",বেশি হয় ,রা ।
অসঙ্গতিপূর্ণ,রা,,।,রা,অত্যন্ত,আচরণ করে।,রা,বেশি করে ।,আচরণ ,,আচরণ বিশ্বাস হারায়।,দের ক্ষেত্রে যা প্রকট হয়ে উঠেছে।,বুদ্ধিজীবী হত্যায় ট্রাইব্যুনালের দেওয়া শাস্তি অসঙ্গতিপূর্ণ ছিল না। এই পৃথিবীর মানুষ হিরোশিমা নাগাসাকি ভুলে নাই।,আচরণ বেশি করে ,রা ।
অসতর্ক,রা,,।,রা,,প্রকৃতির হয়।,রা,বেশি করে ।,কাজ,,চলাফেরা বিপদ ডেকে আনে।,বেশি অসতর্ক হয়।,"পথ পিচ্ছিল, তাই সাবধানে থাকুন। অসতর্ক হলেই সব শেষ। কুম্ভ নিজের জীবনের দায়িত্ব নিজেই নিন।",বেশি হয় ,রা ।
অসৎ,রা,,।,রা,অপেক্ষাকৃত,হয়।,রা,বেশি করে ।,কাজকর্ম ,সমাজে বাস করার ক্ষেত্রে,হলে জীবনে এক সময় ফল পেতে হয়।,রা অসৎ হয় বলে তারা সমাজের বিশ্বাস হারায়।,"উক্ত নির্বাচনে সকল রাজনৈতিক দল থেকে সৎ, চরিত্রবান ও যোগ্য ব্যক্তিদের মনোনয়ন দেওয়া উচিত। অসৎ ব্যক্তিরা নির্বাচিত হলে দেশের কোনো উন্নয়ন হবে না।",কাজ বেশি করতে পারে।,রা ।
অসন্তুষ্ট,রা,,।,রা,সবকিছু নিয়ে,হয়।,দের ,মধ্যে বেশি দেখা যায়। ,মনোভাব,জীবনে চলার ক্ষেত্রে,থাকলে কখনো সুখী হওয়া যায় না।,রা এ মনোভাব দেখায়।,উপযুক্ত পরিষেবা দেওয়ার মতো যথেষ্ট মানব সম্পদই যে নেই হাসপাতালে। অসন্তুষ্ট রোগী ও তাঁদের পরিজনেরা। স্বাভাবিক ভাবেই এলাকাবাসীর রোষের মুখে পড়তে হচ্ছে চিকিৎসক ও কর্মীদের।,বেশি হয় ,রা ।
অসম্মানজনক,রা,,।,রা,অনেক,কথা বলে।,রা,বেশি বলে। ,কথাবার্তা ,গুরুজনদের সাথে,আচরণ করা কুচরিত্রের লক্ষণ।,রা এ ধরণের আচরণ দেখায়।,"আওয়ামী লীগ নেতা বেশ সুস্থ আছেন এবং তাঁর ওপর অত্যাচার করা হয় নি। অসম্মানজনক আচরণও নয়। বস্তুত, তাঁকে দেখা হচ্ছে এমনভাবে যেন তিনি একজন ভিআইপি যিনি গরাদের আড়ালে কিছুটা সময় কাটাতে এসেছেন।",আচরণ বেশি করে ,রা ।
অসহিষ্ণু,রা,,।,রা,,প্রকৃতির হয়।,রা,বেশি করে ।,আচরণ ,,আচরণ থাকলে উন্নতি করা কঠিন হয়ে যায়।,রা অসহিষ্ণু হওয়ায় তাদের জন্য সমাজে অশান্তি সৃষ্টি হয়।,"কোনদিন রেগে গিয়ে তিনি গলা চড়িয়েছেন, বলতে পারবে না কেউ। অসহিষ্ণু হন না কখনও। যতই সহজ সরল হোন, ভীতু নন তিনি মোটেই।",আচরণ বেশি করে ,রা ।
অসামাজিক,রা,,।,রা,অপেক্ষাকৃত,হয়।,রা,বেশি করে ।,কাজকর্ম ,,কাজকর্মে লিপ্ত হলে সমাজ ক্রমে ধ্বংসের দিকে এগিয়ে যায়।,রা এ ধরণের কাজে লিপ্ত হয়ে সমাজের ক্ষতি করে।,"এই বোঝাপড়ার মধ্য দিয়ে বিভিন্ন ধরনের তথ্যের আদান-প্রদান সহজতর হবে, যাতে সীমান্তের দুই ধারে অন্তত ১০ কিলোমিটার পর্যন্ত অঞ্চলে অসামাজিক কাজকর্ম বন্ধ করা যায়।",আচরণ বেশি করে ,রা ।
অস্পষ্ট,রা,,।,রা,অনেক,কথা বলে।,রা,বেশি বলে। ,কথাবার্তা ,,কথা বলে সময় নষ্ট করার মানে হয় না।,রা কথা বলার ক্ষেত্রে অস্পষ্ট কথা বেশি বলে।,"মেয়েদের সম্বন্ধে কোনোদিন সে যে মাথা ঘামায় নাই তা নয়, তবে সেটা খুবই কম। অস্পষ্ট একটা ধারণা তার মনে আছে যে, দেখিলেই ভালো লাগে এমন চেহারার আর মিশিলেই মিষ্টি লাগে এমন স্বভাবের একটি চালাকচতুর চটপটে মেয়ের সঙ্গে একদিন প্রেম তার হইবেই।",আচরণ বেশি করে ,রা ।
অহংকারী,রা,,।,রা,অনেক,স্বভাবের হয়।,দের ,মধ্যে বেশি দেখা যায়। ,মনোভাব,জীবনে চলার পথে,আচরণ ধ্বংস ডেকে আনে।,রা অধিক অহংকারী আচরণ করে।,এদের আবার অন্যের উপর অভিযোগের জুড়ি থাকে না। অহংকারী হয় প্রচণ্ড। কষ্টের অন্ত থাকে না।,আচরণ বেশি করে ,রা ।
আক্রমণাত্মক,রা,,।,রা,অনেক,প্রকৃতির হয়।,দের ,মধ্যে বেশি দেখা যায়। ,মনোভাব,অন্যের সাথে,মনোভাব নিয়ে কথা বলা কুচরিত্রের লক্ষণ।,রা অধিকতর আক্রমণাত্মক হয়।,দারুণ শুরু হয়েছিল সৌম্য সরকারের। আক্রমণাত্মক ব্যাটিংয়ে হাফসেঞ্চুরির কাছেও চলে গিয়েছিলেন তিনি।,আচরণ বেশি করে ,রা ।
আত্মতুষ্ট,রা,,।,রা,,প্রকৃতির হয়।,দের ,মধ্যে বেশি দেখা যায়। ,মনোভাব,,আচরণ অন্যকে অসম্মান দেখানোর শামিল।,দের মধ্যে এ মনোভাব বেশি দেখা যায়।,আনন্দের কিছু নেই। আত্মতুষ্ট হলেই বিপদ।,আচরণ বেশি করে ,রা ।
আত্মভোলা,রা,,।,রা,অনেক,স্বভাবের হয়।,দের ,মধ্যে বেশি দেখা যায়। ,মনোভাব,,স্বভাবের মানুষ সমাজের কাছে হাসির পাত্র হয়।,দের মধ্যে এ ধরণের মানুষ বেশি থাকে। ,"মিসির আলী না হিমু, কোন চরিত্রটি আসলে তিনি! আত্মভোলা নাকি প্রতিযুক্তি, অথবা ভবঘুরের রহস্য নিয়ে এখন কোথায় আছেন তিনি?",বেশি হয় ,রা ।
আবেগপ্রবণ,রা,,।,রা,অনেক,হয়।,দের ,বেশি দেখা যায়। ,হতে,সমাজের কিছু মানুষ বেশ,প্রকৃতির হয়।,রা এ চরিত্রের অধিকারী হওয়ায় তারা অল্পতেই ভেঙ্গে পড়ে।,বাংলাদেশের মানুষ অত্যন্ত ভাল হৃদয়ের অধিকারী। আবেগপ্রবণ হলেও জঙ্গিবাদকে আশ্রয়-প্রশ্রয় দেয় না। আর আইনশৃঙ্খলা বাহিনী জঙ্গিবাদকে মোকাবেলা করা চ্যালেঞ্জ হিসেবে নিয়েছে।,আচরণ বেশি করে ,রা ।
উচ্চাভিলাষী,রা,,।,রা,অনেক,প্রকৃতির হয়।,দের ,মধ্যে বেশি দেখা যায়। ,চিন্তাভাবনা,অনেক মানুষ বাল্যকাল থেকে,চিন্তা লালন করে।,দের এ চিন্তার কারণে অল্পতে তুষ্ট হবার স্বভাব দেখা যায় না।,খুব বড় ধরনের আদায় করতে গেলে আপনারা বলবেন উচ্চাভিলাষী। উচ্চাভিলাষী বলে বলে যাতে সহযোগিতা না পাওয়া যায় সেটা পর্যন্ত পৌঁছতে পারেন।,বেশি হয় ,রা ।
উদাসীন,রা,,।,রা,অপেক্ষাকৃত,হয়।,দের ,বেশি দেখা যায়। ,হতে ,,প্রকৃতির মানুষ নিজের লক্ষ্য অর্জনের ক্ষেত্রে কম সফল হয়।,রা সমাজ ও দেশের প্রতি বেশি উদাসীন হয়।,স্বামীর সাথে বাড়তে থাকে দুরত্ব। উদাসীন হয়ে যান সংসারের প্রতি। বিজ্ঞাপন পরিবারের সদস্যরা ভাবতে থাকেন নীপার হয়তো মানসিক সমস্যা হয়েছে।,বেশি হয় ,রা ।
উদ্ধত,রা,,।,রা,অনেক,প্রকৃতির হয়।,দের ,বেশি দেখা যায়। ,আচরণ করতে,,প্রকৃতির মানুষকে কেউ পছন্দ করে না।,রা অনেক ক্ষেত্রে এ ধরণের আচরণ দেখায়।,অসততার দৃষ্টান্ত কিংবা মারপিট ও খুনাখুনির দৃশ্য তার ভেতর অস্থিরতা তৈরি করে বিপথে চালিত করতে পারে। উদ্ধত ও অবিনীত কিংবা অমার্জিত আচরণে মানুষ বেদনাহত হয়। ভালো আচরণের শিক্ষাও অর্জিত হয় সুকুমার বৃত্তি চর্চার মধ্য দিয়ে।,আচরণ বেশি করে ,রা ।
একগুঁয়ে,রা,,।,রা,বেশ,স্বভাবের হয়।,দের ,বেশি দেখা যায়। ,আচরণ করতে,,স্বভাব লালন করলে অন্যের সাথে চলা কষ্ট হয়ে পড়ে।,দের একগুঁয়েমি কমানো দরকার।,কাজের প্রতি মনোযোগ অনেক বেশি। একগুঁয়ে হলেও বিচক্ষণ এবং প্রাচীন মানসিকতার। জীবনের লক্ষ্য সুখে ঘর-সংসার করা।,বেশি হয় ,রা ।
কাপুরুষ,রা,,।,রা,অনেক,প্রকৃতির হয়।,দের ,বেশি দেখা যায়। ,আচরণ করতে,,প্রকৃতির মানুষ দেশ ও দশের কাজে আসে না। সমাজের অনেক,দের তাই এ স্বভাব ত্যাগ করতে হবে।,"পুরুষরা নিষ্কলঙ্ক, জগৎশ্রষ্টা, শ্রেষ্ট প্রতিপত্তি। কাপুরুষ, নিজের ভোগে প্রতারণা করে, তখন কোথায় থাকো? ক্ষমতার ভয়ে তখন তো সবাই চুপ করে থাকো!",আচরণ বেশি করে ,রা ।
কুসংস্কারাচ্ছন্ন,রা,,।,রা,সাধারণত,হয়ে থাকে।,দের ,বেশি দেখা যায়। ,হতে ,আমাদের দেশের গ্রামাঞ্চলের মানুষের ক্ষেত্রে,মনোভাব একটি সামাজিক ব্যাধি। সাধারণত,রা এ মনোভাব অধিক দেখায়।,"আসলে দরিদ্র জনগোষ্ঠীর সরল কল্পনা কেবল ভাবজগতেই সীমিত নয় সামাজিক সংগ্রামে তা পরিব্যাপ্ত হয়েছিল। কুসংস্কারাচ্ছন্ন সমাজে ঔপনিবেশিক শিক্ষা প্রসারের প্রচেষ্টা থেকে গ্রামীণ জীবনে আবির্ভূত দুই একজন শিক্ষিত ব্যক্তি ছাড়া একসময় অন্যরা মনে করত- প্রতিদিন স্নান, শৌচের জন্য পানি ব্যবহার, গৃহের পরিচ্ছন্নতা বজায় রাখা প্রভৃতি উচ্চবর্ণ বা ব্রাহ্মণ্য সমাজের রীতিনীতি।",আচরণ বেশি করে ,রা ।
ক্ষমতালোভী,রা,,।,রা,বেশ,স্বভাবের হয়।,দের ,মধ্যে বেশি দেখা যায়। ,মনোভাব,এ দেশের রাজনীতিবিদরা,স্বভাবের হয় যার কারণে দেশের উন্নতি করা কঠিন হয়ে পড়ে। তাদের মধ্যে, রাজনীতিবিদরা এ স্বভাব অধিক দেখায়।,তার অপ্রাধের জন্য অবশ্যই তাকে শাস্তি পেতে হবে। ক্ষমতালোভী একদল এবং দেশপ্রেমহীন নেতাদের এদেশকে ধ্বংস করতে এবং ১২০ মিলিয়ন মানুষের ভাগ্য নিয়ে খেলতে দেওয়া যায়না।,বেশি হয় ,রা ।
জঘন্য,রা,,।,রা,বেশ,স্বভাবের হয়।,দের,মধ্যে বেশি দেখা যায়। ,স্বভাব,,আচরণ করলে শাস্তি পাওয়া উচিত। অনেক ক্ষেত্রে,রা এ ধরণের আচরণ বেশি দেখায়।,"উনি সুযোগ যেটুকু পেয়েছেন তাতে নিজের দেশের সমস্যার কথা আগে বলবেন, সেটাই তো স্বাভাবিক। জঘন্য মিথ্যুক এবং চরম ধান্দাবাজ এক মহিলা এই প্রিয়া সাহা।",আচরণ বেশি করে ,রা ।
দাম্ভিক,রা,,।,রা,অনেক,প্রকৃতির হয়।,দের ,মধ্যে বেশি দেখা যায়। ,মনোভাব,,প্রকৃতির মানুষ সমাজের ক্ষতির কারণ হয়। মূলত,রা অধিক দাম্ভিক আচরণ করে।,"আমি কত বড় লোক, তাহার ঠিক মাপ কেহই আপনা আপনি পায় না। দাম্ভিক ও দুরাত্মাগণ খুব বড় মাপকাঠিতে আপনাকে মাপিয়া আপনার মহত্ত্ব সম্বন্ধে কৃতনিশ্চয় হইয়া সন্তুষ্টচিত্তে বসিয়া থাকে, কিন্তু যুধিষ্ঠিরের ন্যায় সাবধান ও বিনয়সম্পন্ন ব্যক্তির তাহা সম্ভব নহে।",আচরণ বেশি করে ,রা ।
দায়িত্বহীন,রা,,।,রা,অনেক,আচরণ করে।,দের,বেশি করতে দেখা যায়।,কাজকর্ম ,সমাজের উন্নতির কাজ,মানুুষকে দিলে কোন লাভ নেই। কিন্তু দুঃখের কথা হল,রা এ কাজ করার মাধ্যমে সমাজের ক্ষতি করে।,"আপনি পুলিশ প্রধান হতে পারেন, কিন্তু আপনি প্রজাতন্ত্রের কর্মচারী এটা ভুলে যাবেন না। দায়িত্বহীন কথা বলবেন না।",আচরণ বেশি করে ,রা ।
দুর্বল,রা,,।,রা,,প্রকৃতির হয়।,দের,মধ্যে বেশি দেখা যায়। ,চিত্ত,এদেশের মানুষ স্বাস্থ্যের দিক থেকে,প্রকৃতির হয়। তার মধ্যে,রা এটি বেশি বহন করে।,ফুটবল আনতে তাঁকে অনেকটা পথ সাঁতরাতে হয়। দুর্বল হয়ে পড়ায় তিনি পানিতে ডুবে যেতে পারেন।,বেশি হয় ,রা ।
দেশদ্রোহী,রা,,।,রা,,হয়।,দের,মধ্যে বেশি । ,চিন্তাচেতনা,,মানুষের কাছে দেশ ধ্বংস করা কোন ব্যাপার না। কিন্তু দুঃখের কথা হল,রা এ কাজ করার মাধ্যমে সমাজের ক্ষতি করে।,"সমস্ত সম্প্রদায়ের মানুষ। দেশদ্রোহী, জাতিদ্রোহী আর ধর্মবিদ্বেষীদের বিরুদ্ধে আমরা রুখে দাঁড়াই, প্রতিবাদ করি।",কাজ বেশি করতে পারে।,রা ।
দ্বিধাগ্রস্ত,রা,,।,রা,কিছুটা,স্বভাবের হয়।,দের ,মধ্যে বেশি দেখা যায়। ,মনোভাব,,মনোভাব থাকলে নিজ জীবনের লক্ষ্য অর্জন কঠিন হয়ে পড়ে।,রা এ মনোভাব অধিক লালন করে।,ওই বলের জন্য তিনি প্রস্তুত ছিলেন না। দ্বিধাগ্রস্ত হয়ে শটটি তিনি খেলেছেন।,বেশি হয় ,রা ।
ধর্মান্ধ,রা,,।,রা,,আচরণ করে।,দের,মধ্যে বেশি । ,চিন্তাচেতনা,আমাদের দেশের গ্রামাঞ্চলের স্বল্পশিক্ষিত মানুষ,স্বভাবের হয়। সাধারনত,রা এ মনোভাব অধিক লালন করে।,আমি বিশ্বাস করি একদিন বাংলাদেশের গণতন্ত্র আরো উন্নত হবে। ধর্মান্ধ এবং উগ্রবাদী প্রতিক্রিয়াশীল শক্তির পতনের মাধ্যমে আমরা আমাদের অভিষ্ঠ লক্ষ্যে পৌঁছাবো।,আচরণ বেশি করে ,রা ।
ধূর্ত,রা,,।,রা,কিছুটা,প্রকৃতির হয়।,দের,বেশি দেখা যায়। ,হতে,আমাদের দেশের রাজনীতিবিদেরা,স্বভাবের হয়। বেশিরভাগ ক্ষেত্রেই,রা এ বৈশিষ্ট্য লালন করে।,রক্তপাতহীন মাংস কাটা অসম্ভব। ধূর্ত শাইলক ঝামেলায় পড়ে। বিচারে শাইলক পরাজিত হয় এবং তার অর্ধেক সম্পত্তি বাজেয়াপ্ত করা হয়।,স্বভাবের হয় ,রা ।
ধ্বংসাত্মক,রা,,।,রা,অত্যন্ত,আচরণ করে।,দের,মধ্যে বেশি । ,চিন্তাচেতনা,অনেক ক্ষেত্রে উগ্র মানুষেরা,চিন্তা লালন করে। আমাদের দেশের প্রেক্ষাপটে,রা এ মনোভাব দ্বারা প্রভাবিত হয়ে সমাজের ক্ষতি করে।,ফলে মাছ বাজারের পাত্রগুলোতে ডিমভর্তি মা মাছদের ছটফট করতে দেখা যায়। ধ্বংসাত্মক এই স্বভাবের জন্য এক চিকুনিতে বিনাশ ঘটে লক্ষ লক্ষ প্রাণের। বাজারে এখন দেশি-বিদেশি মাছ ভরপুর।,আচরণ বেশি করে ,রা ।
নির্বোধ,রা,,।,রা,কিছুটা,প্রকৃতির হয়।,দের ,মধ্যে বেশি ।,হওয়ার প্রবণতা,আমি গতকাল কিছু মানুষের,আচরণ দেখেছি। তাদের মধ্যে অধিকাংশই ছিল, ।,"সঙ্গী আপনাকে মানসিক চাপে ফেলতেই বারবার মাথা নত করতে বাধ্য করছেন। নির্বোধ, ক্ষুদ্র ও মূল্যহীন স্বামী প্রায়ই এমন আচরণ করেন বা এমন কথা বলেন, যার ফলে নিজেকে আপনার খুব অকিঞ্চিৎকর মনে হয়।",আচরণ বেশি করে ,রা ।
নিষ্ঠুর,রা,,।,রা,অত্যন্ত,প্রকৃতির হয়।,দের ,মধ্যে বেশি ।,হওয়ার প্রবণতা,,প্রকৃতির মানুষ নিয়ে সামাজিক কাজ করা অসম্ভব। সাধারণত,রা নিষ্ঠুর স্বভাব ধারণ করে।,গরিব বলে এক কুলি বাবুসাবের নির্যাতনের শিকার হচ্ছে। নিষ্ঠুর এ পৃথিবীতে সবলেরা সব সময় দুর্বলকে অত্যাচার করে।,আচরণ বেশি করে ,রা ।
নেতিবাচক,রা,,।,রা,বেশ,স্বভাবের হয়।,দের ,মধ্যে বেশি । ,মনোভাব,আমাদের সমাজে,প্রকৃতির মানুষ দিন দিন বেড়ে চলেছে। অনেক ক্ষেত্রেই,রা এভাবে সমাজের ক্ষতি করে।,"সাধারণ ভাবে আধুনিক মনোবিজ্ঞান অনুযায়ী বলা যায় যে, নেতিবাচক মনোভাব থেকে তৈরি হয় নেতিবাচক মানসিক চাপ, মানসিক চাপ থেকে তৈরি হয় শারীরিক চাপ যা বিভিন্ন অঙ্গ এমনকি দেহকোষেরও ক্ষতি সাধন করে থাকে।",স্বভাবের হয় ,রা ।
পক্ষপাতদুষ্ট,রা,,।,রা,কিছুটা,হয়ে থাকে।,দের ,মধ্যে বেশি ।,হওয়ার প্রবণতা,তার,আচরণ তার কাছের মানুষদের অনেক কষ্ট দিয়েছে। তার ন্যায় অনেক,রাই এ আচরণ দেখায়।,জনজীবনের এক বিশাল প্রতিমূর্তি আমাদের ছেড়ে চলে গেলেন। পক্ষপাতদুষ্ট রাজনীতির ঊর্ধ্বে উঠে এক জন ঋষির মতো রাষ্ট্রনেতার ভূমিকায় ভারতমাতার সেবায় দেখা গিয়েছে তাঁকে।,স্বভাবের হয় ,রা ।
পরশ্রীকাতর,রা,,।,রা,অপেক্ষাকৃত,স্বভাবের হয়।,দের ,মধ্যে বেশি ।,হওয়ার প্রবণতা,,-তার কারণে অনেক মানুষই নিজেদের উন্নতির পথে বাঁধা হয়ে দাঁড়ায়।,দের কাছ থেকে এ আচরণ বেশি দেখা যায়।,"স্বপ্ন দেখি সেই সাম্যের দেশ গড়ার, পরশ্রীকাতর নাগপাশ থেকে বেরিয়ে মহৎ মানব কল্যাণে হয় ব্রতী।",স্বভাবের হয় ,রা ।
পাশবিক,রা,,।,রা,অপেক্ষাকৃত,প্রকৃতির হয়।,দের ,মধ্যে বেশি ।,হওয়ার প্রবণতা,অনেক ক্ষেত্রে উগ্র মানুষেরা,আচরণের মাধ্যমে অন্যের মনে কষ্ট দেয়। সাধারণত,দের কাছ থেকে এ আচরণ বেশি দেখা যায়।,"বরং এটাকে একটা পাশবিক সভ্যতা বলাই শ্রেয়। পাশবিক সভ্যতা এই জন্য যে এই সভ্যতার সভ্য মানুষগুলো পৃথিবীর বুকে কল্পিত সীমানা এঁকে, কাটাতারের বেড়া দিয়ে মানুষগুলোকে বন্দী করে কোথাও আটকে দিচ্ছে আবার কোথাও মাইলের পর মাইল ভূ-খণ্ড জনমানবহীন করে রেখে সেখানকার উৎপাদিত শস্য ও অন্যান্য প্রাকৃতিক সম্পদ গুটিকয়েক মানুষ রাজার হালে ভোগ করছে। পাশবিক সভ্যতা এই জন্য যে এরা বছরে কোটি কোটি টন উদ্বৃত্ত খাদ্য সমুদ্রে ফেলে দিচ্ছে খেতে না পেরে, এরা টনকে টন টম্যাটো নষ্ট করে টম্যাটো উৎসব করে।",আচরণ বেশি করে ,রা ।
প্রতারণামূলক,রা,,।,রা,অপেক্ষাকৃত,আচরণ করে।,দের ,মধ্যে অপেক্ষাকৃত বেশি ।,কাজ করার প্রবণতা,আমি গতকাল কিছু মানুষের,আচরণ দেখে কষ্ট পেয়েছি। সাধারণত,দের কাছ থেকে এ আচরণ বেশি দেখা যায়।,সেসব বিজ্ঞাপনের সাথে উইকিপিডিয়ার কোনো সম্পর্ক নাই। প্রতারণামূলক সেসব বিজ্ঞাপনের ফাঁদে না পড়ার পরামর্শ দিয়েছে প্রতিষ্ঠানটি।,আচরণ বেশি করে ,রা ।
প্রতিহিংসাপরায়ণ,রা,,।,রা,বেশ,হয়ে থাকে।,দের ,মধ্যে অপেক্ষাকৃত বেশি ।,হওয়ার প্রবণতা,সমাজের উন্নতির জন্য,মানুষ এক বিশেষ বাঁধা। অধিকাংশ ক্ষেত্রে,রা এ মনোভাব লালন করে।,কিন্তু চীনের একটি অঞ্চলে ঘটেছে তার বিপরীরত এক ঘটনা। প্রতিহিংসাপরায়ণ বাবা তার বাচ্চাকে একটি খাঁচায় তালা দিয়ে রেখেছিলেন। শুধু তাতেই ক্লান্ত থাকেননি তিনি। তুলছেন ছবিও।,স্বভাবের হয় ,রা ।
বিকৃত,রা,,।,রা,,আচরণ করে।,দের ,মধ্যে অপেক্ষাকৃত বেশি দেখা যায়।,মানসিকতা ,,মানসিকতা অসামাজিক কাজকর্মের দিকে ধাবিত করে। অধিকাংশ ক্ষেত্রে,রা এ আচরণ দেখায়।,শুক্রবার বিকেলে সে রুপাকে আবার উত্ত্যক্ত করে। বিকৃত ছবি ফেইসবুকে ছড়িয়ে দেওয়ার হুমকি দেয়। রুপা বিষয়টি তার মাকে জানায়।,স্বভাবের হয় ,রা ।
বিতর্কিত,রা,,।,রা,অপেক্ষাকৃত,প্রকৃতির হয়।,রা,কথা বলতে পছন্দ করে ।,বিষয়ে,,আচরণ অনেক ক্ষেত্রে ক্ষতি করে। অধিকাংশ ক্ষেত্রে,রা এ আচরণ দেখায়।,দুই প্রতিবেশি রাষ্ট্র আজারবাইজান ও আর্মেনিয়ার মধ্যে সংঘাত ছড়িয়ে পড়েছে। বিতর্কিত অঞ্চল নাগর্নো-কারাবাখ এ রোববার দুই পক্ষের মধ্যে লড়াই শুরু হয়েছে।,স্বভাবের হয় ,রা ।
বিদ্বেষপূর্ণ,রা,,।,রা,স্বভাবতই,আচরণ করে।,দের ,মধ্যে অপেক্ষাকৃত বেশি দেখা যায়।,মানসিকতা ,,মনোভাব নিজ জীবনে দুঃখ ডেকে আনে। অধিকাংশ ক্ষেত্রেই,রা এ মনোভাব লালন করে।,"এই মহামারিও বলছে, মানুষের সমাগম থেকে দূরে থাকো মানুষ। বিদ্বেষপূর্ণ বা হিংসাত্মক ভাইরাস যাই বলা হয়ে থাকুক না কেন!",আচরণ বেশি করে ,রা ।
বিরক্তিকর,রা,,।,রা,অপেক্ষাকৃত,আচরণ করে।,দের ,মধ্যে অপেক্ষাকৃত বেশি ।,কাজ করার প্রবণতা,তার আচরণ আমার অত্যন্ত,লাগে।,হয়েছে দেখেই সে এরকম আচরণ করে।,প্রেমে পড়েছি একটা গোল্লা বলের আর তার পিছনে ছুটে চলা গুটিকয়েক নীল-সাদা বসনের মানুষের। বিরক্তিকর লম্বা খাঁজুরে আলাপ করব।,আচরণ বেশি করে ,রা ।
বিশৃঙ্খল,রা,,।,রা,,প্রকৃতির হয়।,দের ,মধ্যে বেশি ।,হওয়ার প্রবণতা,,প্রকৃতির মানুষ সমাজের ক্ষতির কারণ হয়। অনেক ক্ষেত্রেই,রা এভাবে সমাজের ক্ষতি করে।,করোনা ভাইরাস মহামারির মধ্যেও নির্বাচন অনুষ্ঠিত হওয়া নিয়ে উঠেছে সমালোচনার ঝড়। বিশৃঙ্খল পরিস্থিতি তৈরি হওয়ার আশঙ্কা করছিলেন সমালোচকরা।,স্বভাবের হয় ,রা ।
বিশ্বাসঘাতক,রা,,।,রা,অপেক্ষাকৃত,স্বভাবের হয়।,দের ,মধ্যে বেশি ।,হওয়ার প্রবণতা,,প্রকৃতির মানুষ দিন দিন বেড়ে চলেছে।,রা এ মনোভাব অধিক লালন করে।,শুধু হুমায়ুন বললে ভুল বোঝার আশঙ্কা আছে। বিশ্বাসঘাতক মিরজাফর বাংলার সিংহাসন দখল করে নেওয়ার পর ইংরেজরা তার অনেক ক্ষমতাই কেড়ে নেয়।,স্বভাবের হয় ,রা ।
ব্যঙ্গাত্মক,রা,,।,রা,অপেক্ষাকৃত,প্রকৃতির হয়।,দের ,মধ্যে বেশি ।,হওয়ার প্রবণতা,,কাজকর্ম আমার একদম পছন্দ নয়। সাধারণত,দের কাছ থেকে এ আচরণ বেশি দেখা যায়।,"লক্ষাধিক লোক বুধবার রাতে এভাবে রাজপথে হাজির ছিলেন। ব্যঙ্গাত্মক পত্রিকা শার্লি এব্দো-তে হামলার পর থেকে টুইটারে এ সংক্রান্ত বিভিন্ন তথ্য, কার্টুন, ছবি প্রকাশ হচ্ছে।",আচরণ বেশি করে ,রা ।
ভীতু,রা,,।,রা,কিছুটা,প্রকৃতির হয়।,দের ,মধ্যে বেশি ।,হওয়ার প্রবণতা,,প্রকৃতির মানুষের দ্বারা সমাজের উন্নতি আশা করা যায় না।,রা অত্যন্ত ভীতু হয়।,"উঠোনের রৌদ্রে তিনি ঠায় দাঁড়াইয়া রহিলেন। ভীতু ছাগল ছানার ন্যায় আমরাও। কোলাহল, গণ্ডগোল, চিৎকার, চেঁচামেচি ইত্যাদি লইয়া যাহাদের প্রতি পল কাটে হঠাৎ অন্যথা হইলে বিস্ময়ের উদ্রেক হয়।",প্রকৃতির হয় ,রা ।
মূর্খ,রা,,।,রা,অপেক্ষাকৃত,স্বভাবের হয়।,দের ,মধ্যে বেশি ।,হওয়ার হার,আমাদের দেশের প্রেক্ষাপটে,স্বভাবের মানুষ অনেক বেশি। এ স্বভাবের,দের জন্যই সমাজ আজ ধ্বংসের পথে।,১৯৯৯ এর বিশ্বকাপ এ আপনার পূর্ব পুরুষরা কিভাবে বাঘের থাবায় শেষ হয়ে ছিল তাই দেখে নিয়েন। মূর্খ মানুষের বলদের মত কথা ।,প্রকৃতির হয় ,রা ।
রক্ষণশীল,রা,,।,রা,কিছুটা,প্রকৃতির হয়।,দের ,মধ্যে বেশি । ,মনোভাব,আমাদের দেশের প্রেক্ষাপটে,প্রকৃতির মানুষ অনেক বেশি। তার উপর,দের মধ্যে এ স্বভাব বেশি দেখা যায়।,অল্প বয়সী মেয়ে। রক্ষণশীল স্বামীর পরিচয় ভালোভাবেই দিলাম। রূপা তখন তেমন আপত্তি করে নি বটে।,প্রকৃতির হয় ,রা ।
রাগান্বিত,রা,,।,রা,অধিক,স্বভাবের হয়।,দের ,মধ্যে বেশি ।,হওয়ার প্রবণতা,মানুষের,মনোভাব আমার একদম অপছন্দ। সাধারণত,দের এ মনোভাব এর কারণে তারা সমাজে বেশ পিছিয়ে।,"কারো রাগ যখন মাত্রা ছাড়িয়ে যায় তখন সেটা ক্ষতির কারণ হয়ে দাঁড়ায়। রাগান্বিত মানুষ বেসামাল হয়ে যায়, তখন অন্যের ওপর জুলুম করে। রাগের কারণে মনের মধ্যে প্রতিশোধের আগুন জ্বলে ওঠে, তখন খুনখারাবি পর্যন্ত হয়ে যায়, ঘর-সংসার ভেঙে যায়।",আচরণ বেশি করে ,রা ।
লোভী,রা,,।,রা,বেশ,স্বভাবের হয়।,দের ,মধ্যে বেশি ।,হওয়ার প্রবণতা,,প্রকৃতির মানুষ সমাজের উন্নতির বদলে নিজে অর্থ আত্মসাৎ এর চিন্তায় কাজ করে। এ প্রকৃতির,দের কারণে দেশের আর্থিক অবনতি চরমে পৌঁছেছে।,কারণ আওয়ামী লীগ নেতৃত্ব ছাত্রলীগকে দিনে দিনে প্রশ্রয় দিয়ে অনেকটাই লাগাম ছাড়া করে ফেলেছেন। সন্ত্রাসী বানিয়েছেন। লোভী করে তুলেছেন।,প্রকৃতির হয় ,রা ।
সংকীর্ণ,রা,,।,রা,অপেক্ষাকৃত,প্রকৃতির হয়।,দের ,মধ্যে বেশি ।,হওয়ার প্রবণতা,আমাদের দেশের প্রেক্ষাপটে,প্রকৃতির মানুষ অনেক বেশি। তার উপর,দের মধ্যে এ স্বভাব বেশি দেখা যায়।,"রবীন্দ্রনাথ ঠাকুর প্রান্তিক মানুষের সংস্পর্শে এসেছেন কম, তবু পদ্মাপারে জীবনের যেটুকু সময় কাটিয়েছেন, তার মধ্য দিয়েই সাধারণ মানুষের জীবন সম্পর্কে অভিজ্ঞতা লাভ করেছেন। সংকীর্ণ কোনো রাজনীতির ছায়াতলে না থেকেও রাজনীতিসচেতন ছিলেন তিনি।",প্রকৃতির হয় ,রা ।
সন্দেহপ্রবণ,রা,,।,রা,বেশ,স্বভাবের হয়।,দের ,মধ্যে বেশি ।,হওয়ার প্রবণতা,মানুষের,মনোভাব আমার একদম অপছন্দ। সাধারণত,দের এ মনোভাব এর কারণে তারা অন্যকে বিশ্বাস করতে দ্বিধা করে।,সন্দেহপ্রবণ লোকেরা সোজাসুজি কথায় সাধারণত একটু ঘাবড়ে যায়। কারণ এরা সারা জীবনেও সোজাসুজি কথা বলে না।,প্রকৃতির হয় ,রা ।
সুবিধাবাদী,রা,,।,রা,অপেক্ষাকৃত,প্রকৃতির হয়।,দের ,মধ্যে বেশি ।,হওয়ার প্রবণতা,আমাদের দেশের প্রেক্ষাপটে,প্রকৃতির মানুষ অনেক বেশি। তার উপর,দের মধ্যে এ স্বভাব বেশি দেখা যায় বলে তারা অন্যের কোন কাজে আসে না।,"খোঁজ নিয়ে দেখা গেছে, দেশের বাজারে পেঁয়াজের দাম বাড়া শুরু হয় গত কোরবানির ঈদের আগে থেকে। সুবিধাবাদী ব্যবসায়ীদের এই সিন্ডিকেটের কারণে কোরবানির ঈদের সময়েও কোনও কারণ ছাড়াই পেঁয়াজের দাম বেড়েছিল।",আচরণ বেশি করে ,রা ।
অস্থির,রা,,।,রা,বেশ,স্বভাবের হয়।,দের ,মধ্যে বেশি ।,হওয়ার প্রবণতা,,জীবনযাপন করলে শরীর ও মনে প্রভাব পরে। আমাদের দেশের,রা বেশ অস্থির প্রকৃতির হওয়ায় তারা ঠাণ্ডা মাথায় চিন্তা করতে পারে না।,হঠাত্ করেই রানের জন্য ছটফটানি বেড়েছিল সাকিব আল হাসানের। অস্থির হয়ে উঠেছিলেন তিনি। ফলাফলও পেলেন হাতেনাতেই।,প্রকৃতির হয় ,রা ।
স্বার্থপর,রা,,।,রা,অপেক্ষাকৃত,প্রকৃতির হয়।,দের ,মধ্যে বেশি ।,হওয়ার প্রবণতা,আমাদের দেশের প্রেক্ষাপটে,প্রকৃতির মানুষ অনেক বেশি। তার উপর,দের মধ্যে এ স্বভাব বেশি দেখা যায় বলে তারা অন্যের কোন কাজে আসে না।,"ছেলেবেলা থেকে শুনে এসেছে কলকাতার মানুষদের মনে দয়ামায়া কম, কেউ কারো কথা ভাবে না, স্বার্থপর হয়ে যায় সবাই।",প্রকৃতির হয় ,রা ।